{"cameraMode":{"drawMode":0,"name":"Shaded","section":"Shading Mode"},"sceneLighting":false,"audioPlay":false,"sceneViewState":{"showFog":true,"showMaterialUpdate":true,"showSkybox":true,"showFlares":true,"showImageEffects":true,"showParticleSystems":true},"in2DMode":false,"pivot":{"x":0.5101242065429688,"y":1.1481952667236329,"z":0.6935667991638184},"rotation":{"x":-0.04614751413464546,"y":0.8506194353103638,"z":-0.07574217766523361,"w":-0.5182472467422485},"size":7.688900947570801,"orthographic":false}