{"cameraMode":{"drawMode":0,"name":"Shaded","section":"Shading Mode"},"sceneLighting":true,"audioPlay":false,"sceneViewState":{"showFog":true,"showMaterialUpdate":true,"showSkybox":true,"showFlares":true,"showImageEffects":true,"showParticleSystems":true},"in2DMode":false,"pivot":{"x":21.31092071533203,"y":2.517317056655884,"z":0.7039048671722412},"rotation":{"x":-0.024208029732108117,"y":0.7180318832397461,"z":-0.025004392489790918,"w":-0.6951395869255066},"size":2.3060436248779299,"orthographic":false}